"","displayName","defensiveTeam","color","logo"
"1","Jalen Thompson","ARI","#97233F","arizona-cardinals.png"
"2","Ben Niemann","ARI","#97233F","arizona-cardinals.png"
"5","Isaiah Simmons","ARI","#97233F","arizona-cardinals.png"
"7","Michael Dogbe","ARI","#97233F","arizona-cardinals.png"
"8","J.J. Watt","ARI","#97233F","arizona-cardinals.png"
"10","Zaven Collins","ARI","#97233F","arizona-cardinals.png"
"11","Tanner Vallejo","ARI","#97233F","arizona-cardinals.png"
"15","Marco Wilson","ARI","#97233F","arizona-cardinals.png"
"16","Victor Dimukeje","ARI","#97233F","arizona-cardinals.png"
"18","Budda Baker","ARI","#97233F","arizona-cardinals.png"
"26","Jesse Luketa","ARI","#97233F","arizona-cardinals.png"
"51","Dennis Gardeck","ARI","#97233F","arizona-cardinals.png"
"54","Byron Murphy","ARI","#97233F","arizona-cardinals.png"
"71","Jace Whittaker","ARI","#97233F","arizona-cardinals.png"
"74","Markus Golden","ARI","#97233F","arizona-cardinals.png"
"93","Cameron Thomas","ARI","#97233F","arizona-cardinals.png"
"122","Christian Matthew","ARI","#97233F","arizona-cardinals.png"
"140","Myjai Sanders","ARI","#97233F","arizona-cardinals.png"
"146","Trayvon Mullen","ARI","#97233F","arizona-cardinals.png"
"162","Zach Allen","ARI","#97233F","arizona-cardinals.png"
"174","Ezekiel Turner","ARI","#97233F","arizona-cardinals.png"
"177","Antwaun Woods","ARI","#97233F","arizona-cardinals.png"
"184","Antonio Hamilton","ARI","#97233F","arizona-cardinals.png"
"260","Rashard Lawrence","ARI","#97233F","arizona-cardinals.png"
"293","Nick Vigil","ARI","#97233F","arizona-cardinals.png"
"296","Leki Fotu","ARI","#97233F","arizona-cardinals.png"
"360","Jonathan Ledbetter","ARI","#97233F","arizona-cardinals.png"
"438","Chris Banjo","ARI","#97233F","arizona-cardinals.png"
"441","Devon Kennard","ARI","#97233F","arizona-cardinals.png"
"604","Adetokunbo Ogundeji","ATL","#A71930","atlanta-falcons.png"
"605","Rashaan Evans","ATL","#A71930","atlanta-falcons.png"
"606","Richie Grant","ATL","#A71930","atlanta-falcons.png"
"610","Jaylinn Hawkins","ATL","#A71930","atlanta-falcons.png"
"614","Casey Hayward","ATL","#A71930","atlanta-falcons.png"
"621","A.J. Terrell","ATL","#A71930","atlanta-falcons.png"
"625","Grady Jarrett","ATL","#A71930","atlanta-falcons.png"
"629","Mykal Walker","ATL","#A71930","atlanta-falcons.png"
"632","Ta'Quon Graham","ATL","#A71930","atlanta-falcons.png"
"645","Arnold Ebiketie","ATL","#A71930","atlanta-falcons.png"
"646","Mike Ford","ATL","#A71930","atlanta-falcons.png"
"666","Quinton Bell","ATL","#A71930","atlanta-falcons.png"
"670","Dean Marlowe","ATL","#A71930","atlanta-falcons.png"
"685","Lorenzo Carter","ATL","#A71930","atlanta-falcons.png"
"731","Troy Andersen","ATL","#A71930","atlanta-falcons.png"
"732","DeAngelo Malone","ATL","#A71930","atlanta-falcons.png"
"784","Timmy Horne","ATL","#A71930","atlanta-falcons.png"
"788","Matt Dickerson","ATL","#A71930","atlanta-falcons.png"
"799","Anthony Rush","ATL","#A71930","atlanta-falcons.png"
"822","Jalen Dalton","ATL","#A71930","atlanta-falcons.png"
"837","Darren Hall","ATL","#A71930","atlanta-falcons.png"
"861","Dee Alford","ATL","#A71930","atlanta-falcons.png"
"914","Nate Landman","ATL","#A71930","atlanta-falcons.png"
"919","Erik Harris","ATL","#A71930","atlanta-falcons.png"
"944","Isaiah Oliver","ATL","#A71930","atlanta-falcons.png"
"946","Abdullah Anderson","ATL","#A71930","atlanta-falcons.png"
"1070","Cornell Armstrong","ATL","#A71930","atlanta-falcons.png"
"1257","Calais Campbell","BAL","#241773","baltimore-ravens.png"
"1279","Chuck Clark","BAL","#241773","baltimore-ravens.png"
"1282","Josh Bynes","BAL","#241773","baltimore-ravens.png"
"1295","Brandon Copeland","BAL","#241773","baltimore-ravens.png"
"1301","Jason Pierre-Paul","BAL","#241773","baltimore-ravens.png"
"1313","Marcus Williams","BAL","#241773","baltimore-ravens.png"
"1316","Travis Jones","BAL","#241773","baltimore-ravens.png"
"1324","Damarion Williams","BAL","#241773","baltimore-ravens.png"
"1325","Broderick Washington","BAL","#241773","baltimore-ravens.png"
"1349","Kyle Hamilton","BAL","#241773","baltimore-ravens.png"
"1358","Geno Stone","BAL","#241773","baltimore-ravens.png"
"1362","Jalyn Armour-Davis","BAL","#241773","baltimore-ravens.png"
"1369","Brent Urban","BAL","#241773","baltimore-ravens.png"
"1375","Marlon Humphrey","BAL","#241773","baltimore-ravens.png"
"1400","Kyle Fuller","BAL","#241773","baltimore-ravens.png"
"1409","Justin Madubuike","BAL","#241773","baltimore-ravens.png"
"1420","Roquan Smith","BAL","#241773","baltimore-ravens.png"
"1421","Marcus Peters","BAL","#241773","baltimore-ravens.png"
"1437","Patrick Queen","BAL","#241773","baltimore-ravens.png"
"1458","Steven Means","BAL","#241773","baltimore-ravens.png"
"1460","A.J. Klein","BAL","#241773","baltimore-ravens.png"
"1508","Jeremiah Attaochu","BAL","#241773","baltimore-ravens.png"
"1511","Odafe Oweh","BAL","#241773","baltimore-ravens.png"
"1567","Justin Houston","BAL","#241773","baltimore-ravens.png"
"1591","Brandon Stephens","BAL","#241773","baltimore-ravens.png"
"1623","Devon Kennard","BAL","#241773","baltimore-ravens.png"
"1658","Kristian Welch","BAL","#241773","baltimore-ravens.png"
"1671","Malik Harrison","BAL","#241773","baltimore-ravens.png"
"1731","Michael Pierce","BAL","#241773","baltimore-ravens.png"
"1790","Taron Johnson","BUF","#00338D","buffalo-bills.png"
"1791","Jordan Poyer","BUF","#00338D","buffalo-bills.png"
"1792","Damar Hamlin","BUF","#00338D","buffalo-bills.png"
"1794","Tremaine Edmunds","BUF","#00338D","buffalo-bills.png"
"1796","DaQuan Jones","BUF","#00338D","buffalo-bills.png"
"1804","Von Miller","BUF","#00338D","buffalo-bills.png"
"1806","Christian Benford","BUF","#00338D","buffalo-bills.png"
"1810","Jordan Phillips","BUF","#00338D","buffalo-bills.png"
"1835","Dane Jackson","BUF","#00338D","buffalo-bills.png"
"1842","Matt Milano","BUF","#00338D","buffalo-bills.png"
"1862","Tyrel Dodson","BUF","#00338D","buffalo-bills.png"
"1872","Micah Hyde","BUF","#00338D","buffalo-bills.png"
"1890","Shaq Lawson","BUF","#00338D","buffalo-bills.png"
"1892","Siran Neal","BUF","#00338D","buffalo-bills.png"
"1899","Kaiir Elam","BUF","#00338D","buffalo-bills.png"
"1904","Baylon Spector","BUF","#00338D","buffalo-bills.png"
"1917","Jaquan Johnson","BUF","#00338D","buffalo-bills.png"
"1944","Cameron Lewis","BUF","#00338D","buffalo-bills.png"
"1976","Carlos Basham","BUF","#00338D","buffalo-bills.png"
"1998","A.J. Epenesa","BUF","#00338D","buffalo-bills.png"
"2019","Gregory Rousseau","BUF","#00338D","buffalo-bills.png"
"2025","Terrel Bernard","BUF","#00338D","buffalo-bills.png"
"2037","Prince Emili","BUF","#00338D","buffalo-bills.png"
"2044","C.J. Brewer","BUF","#00338D","buffalo-bills.png"
"2085","Ja'Marcus Ingram","BUF","#00338D","buffalo-bills.png"
"2109","Brandin Bryant","BUF","#00338D","buffalo-bills.png"
"2170","Ed Oliver","BUF","#00338D","buffalo-bills.png"
"2200","Tim Settle","BUF","#00338D","buffalo-bills.png"
"2309","Yetur Gross-Matos","CAR","#0085CA","carolina-panthers.png"
"2311","Donte Jackson","CAR","#0085CA","carolina-panthers.png"
"2312","Marquan McCall","CAR","#0085CA","carolina-panthers.png"
"2314","Xavier Woods","CAR","#0085CA","carolina-panthers.png"
"2320","Shaq Thompson","CAR","#0085CA","carolina-panthers.png"
"2328","Tae Hayes","CAR","#0085CA","carolina-panthers.png"
"2334","Bravvion Roy","CAR","#0085CA","carolina-panthers.png"
"2339","Myles Hartsfield","CAR","#0085CA","carolina-panthers.png"
"2377","Frankie Luvu","CAR","#0085CA","carolina-panthers.png"
"2389","Brandon Smith","CAR","#0085CA","carolina-panthers.png"
"2390","Brian Burns","CAR","#0085CA","carolina-panthers.png"
"2393","Juston Burris","CAR","#0085CA","carolina-panthers.png"
"2409","Arron Mosby","CAR","#0085CA","carolina-panthers.png"
"2416","Sean Chandler","CAR","#0085CA","carolina-panthers.png"
"2436","Damien Wilson","CAR","#0085CA","carolina-panthers.png"
"2439","Matt Ioannidis","CAR","#0085CA","carolina-panthers.png"
"2441","Jeremy Chinn","CAR","#0085CA","carolina-panthers.png"
"2442","Cory Littleton","CAR","#0085CA","carolina-panthers.png"
"2462","Daviyon Nixon","CAR","#0085CA","carolina-panthers.png"
"2492","Jaycee Horn","CAR","#0085CA","carolina-panthers.png"
"2497","C.J. Henderson","CAR","#0085CA","carolina-panthers.png"
"2528","Marquis Haynes","CAR","#0085CA","carolina-panthers.png"
"2596","Keith Taylor","CAR","#0085CA","carolina-panthers.png"
"2606","Derrick Brown","CAR","#0085CA","carolina-panthers.png"
"2667","Phil Hoskins","CAR","#0085CA","carolina-panthers.png"
"2732","Henry Anderson","CAR","#0085CA","carolina-panthers.png"
"2876","Amare Barno","CAR","#0085CA","carolina-panthers.png"
"2961","Eddie Jackson","CHI","#0B162A","chicago-bears.png"
"2962","Justin Jones","CHI","#0B162A","chicago-bears.png"
"2963","Kindle Vildor","CHI","#0B162A","chicago-bears.png"
"2964","Joe Thomas","CHI","#0B162A","chicago-bears.png"
"2969","Roquan Smith","CHI","#0B162A","chicago-bears.png"
"2980","Trevis Gipson","CHI","#0B162A","chicago-bears.png"
"2982","Nicholas Morrow","CHI","#0B162A","chicago-bears.png"
"2999","Armon Watts","CHI","#0B162A","chicago-bears.png"
"3023","Dominique Robinson","CHI","#0B162A","chicago-bears.png"
"3025","Kyler Gordon","CHI","#0B162A","chicago-bears.png"
"3035","Jaylon Jones","CHI","#0B162A","chicago-bears.png"
"3048","Al-Quadin Muhammad","CHI","#0B162A","chicago-bears.png"
"3056","Jaylon Johnson","CHI","#0B162A","chicago-bears.png"
"3063","Jaquan Brisker","CHI","#0B162A","chicago-bears.png"
"3069","Angelo Blackson","CHI","#0B162A","chicago-bears.png"
"3164","Mike Pennel","CHI","#0B162A","chicago-bears.png"
"3235","Jack Sanborn","CHI","#0B162A","chicago-bears.png"
"3270","Robert Quinn","CHI","#0B162A","chicago-bears.png"
"3451","Matthew Adams","CHI","#0B162A","chicago-bears.png"
"3507","Kingsley Jonathan","CHI","#0B162A","chicago-bears.png"
"3532","Sam Hubbard","CIN","#FB4F14","cincinnati-bengals.png"
"3533","Vonn Bell","CIN","#FB4F14","cincinnati-bengals.png"
"3535","B.J. Hill","CIN","#FB4F14","cincinnati-bengals.png"
"3539","Mike Hilton","CIN","#FB4F14","cincinnati-bengals.png"
"3542","Tre Flowers","CIN","#FB4F14","cincinnati-bengals.png"
"3544","Germaine Pratt","CIN","#FB4F14","cincinnati-bengals.png"
"3552","Cam Taylor-Britt","CIN","#FB4F14","cincinnati-bengals.png"
"3555","Chidobe Awuzie","CIN","#FB4F14","cincinnati-bengals.png"
"3558","Logan Wilson","CIN","#FB4F14","cincinnati-bengals.png"
"3572","Trey Hendrickson","CIN","#FB4F14","cincinnati-bengals.png"
"3573","Josh Tupou","CIN","#FB4F14","cincinnati-bengals.png"
"3586","Akeem Davis-Gaither","CIN","#FB4F14","cincinnati-bengals.png"
"3592","Eli Apple","CIN","#FB4F14","cincinnati-bengals.png"
"3594","Zach Carter","CIN","#FB4F14","cincinnati-bengals.png"
"3598","Joseph Ossai","CIN","#FB4F14","cincinnati-bengals.png"
"3641","Joe Bachie","CIN","#FB4F14","cincinnati-bengals.png"
"3654","Markus Bailey","CIN","#FB4F14","cincinnati-bengals.png"
"3671","D.J. Reader","CIN","#FB4F14","cincinnati-bengals.png"
"3672","Dax Hill","CIN","#FB4F14","cincinnati-bengals.png"
"3685","Jessie Bates","CIN","#FB4F14","cincinnati-bengals.png"
"3689","Cam Sample","CIN","#FB4F14","cincinnati-bengals.png"
"3693","Jalen Davis","CIN","#FB4F14","cincinnati-bengals.png"
"3713","Michael Thomas","CIN","#FB4F14","cincinnati-bengals.png"
"3781","Jay Tufele","CIN","#FB4F14","cincinnati-bengals.png"
"3958","Domenique Davis","CIN","#FB4F14","cincinnati-bengals.png"
"4081","Jeremiah Owusu-Koramoah","CLE","#311D00","cleveland-browns.png"
"4083","Greg Newsome","CLE","#311D00","cleveland-browns.png"
"4085","Sione Takitaki","CLE","#311D00","cleveland-browns.png"
"4088","Jacob Phillips","CLE","#311D00","cleveland-browns.png"
"4089","John Johnson","CLE","#311D00","cleveland-browns.png"
"4092","Isaiah Thomas","CLE","#311D00","cleveland-browns.png"
"4094","Alex Wright","CLE","#311D00","cleveland-browns.png"
"4100","Deion Jones","CLE","#311D00","cleveland-browns.png"
"4105","Grant Delpit","CLE","#311D00","cleveland-browns.png"
"4106","Tommy Togiai","CLE","#311D00","cleveland-browns.png"
"4108","Ronnie Harrison","CLE","#311D00","cleveland-browns.png"
"4114","Martin Emerson","CLE","#311D00","cleveland-browns.png"
"4143","Jordan Elliott","CLE","#311D00","cleveland-browns.png"
"4152","Myles Garrett","CLE","#311D00","cleveland-browns.png"
"4166","Perrion Winfrey","CLE","#311D00","cleveland-browns.png"
"4213","Greedy Williams","CLE","#311D00","cleveland-browns.png"
"4226","Denzel Ward","CLE","#311D00","cleveland-browns.png"
"4284","Anthony Walker","CLE","#311D00","cleveland-browns.png"
"4304","Tony Fields","CLE","#311D00","cleveland-browns.png"
"4362","Isaac Rochell","CLE","#311D00","cleveland-browns.png"
"4374","Jadeveon Clowney","CLE","#311D00","cleveland-browns.png"
"4414","Taven Bryan","CLE","#311D00","cleveland-browns.png"
"4477","Jordan Kunaszyk","CLE","#311D00","cleveland-browns.png"
"4550","Donovan Wilson","DAL","#003594","dallas-cowboys.png"
"4552","Leighton Vander Esch","DAL","#003594","dallas-cowboys.png"
"4554","Trevon Diggs","DAL","#003594","dallas-cowboys.png"
"4556","Osa Odighizuwa","DAL","#003594","dallas-cowboys.png"
"4558","Anthony Barr","DAL","#003594","dallas-cowboys.png"
"4565","Carlos Watkins","DAL","#003594","dallas-cowboys.png"
"4567","Neville Gallimore","DAL","#003594","dallas-cowboys.png"
"4575","Anthony Brown","DAL","#003594","dallas-cowboys.png"
"4583","Jourdan Lewis","DAL","#003594","dallas-cowboys.png"
"4598","Malik Hooker","DAL","#003594","dallas-cowboys.png"
"4604","Johnathan Hankins","DAL","#003594","dallas-cowboys.png"
"4619","Micah Parsons","DAL","#003594","dallas-cowboys.png"
"4642","Kelvin Joseph","DAL","#003594","dallas-cowboys.png"
"4671","Jayron Kearse","DAL","#003594","dallas-cowboys.png"
"4677","Demarcus Lawrence","DAL","#003594","dallas-cowboys.png"
"4688","Damone Clark","DAL","#003594","dallas-cowboys.png"
"4784","Dante Fowler","DAL","#003594","dallas-cowboys.png"
"4809","Sam Williams","DAL","#003594","dallas-cowboys.png"
"4823","Quinton Bohanna","DAL","#003594","dallas-cowboys.png"
"4824","Luke Gifford","DAL","#003594","dallas-cowboys.png"
"4825","Trysten Hill","DAL","#003594","dallas-cowboys.png"
"4853","Daron Bland","DAL","#003594","dallas-cowboys.png"
"4864","Israel Mukuamu","DAL","#003594","dallas-cowboys.png"
"4875","Markquese Bell","DAL","#003594","dallas-cowboys.png"
"4892","Dorance Armstrong","DAL","#003594","dallas-cowboys.png"
"4970","Chauncey Golston","DAL","#003594","dallas-cowboys.png"
"5073","K'Waun Williams","DEN","#FB4F14","denver-broncos.png"
"5074","Josey Jewell","DEN","#FB4F14","denver-broncos.png"
"5079","Jonathon Cooper","DEN","#FB4F14","denver-broncos.png"
"5080","Eyioma Uwazurike","DEN","#FB4F14","denver-broncos.png"
"5082","Caden Sterns","DEN","#FB4F14","denver-broncos.png"
"5087","Essang Bassey","DEN","#FB4F14","denver-broncos.png"
"5088","Bradley Chubb","DEN","#FB4F14","denver-broncos.png"
"5089","Kareem Jackson","DEN","#FB4F14","denver-broncos.png"
"5091","Nik Bonitto","DEN","#FB4F14","denver-broncos.png"
"5093","Alex Singleton","DEN","#FB4F14","denver-broncos.png"
"5101","Patrick Surtain","DEN","#FB4F14","denver-broncos.png"
"5117","Damarri Mathis","DEN","#FB4F14","denver-broncos.png"
"5142","DeShawn Williams","DEN","#FB4F14","denver-broncos.png"
"5158","Jonas Griffith","DEN","#FB4F14","denver-broncos.png"
"5177","D.J. Jones","DEN","#FB4F14","denver-broncos.png"
"5214","Ronald Darby","DEN","#FB4F14","denver-broncos.png"
"5271","Justin Simmons","DEN","#FB4F14","denver-broncos.png"
"5371","Mike Purcell","DEN","#FB4F14","denver-broncos.png"
"5386","Dre'Mont Jones","DEN","#FB4F14","denver-broncos.png"
"5391","Randy Gregory","DEN","#FB4F14","denver-broncos.png"
"5429","Matt Henningsen","DEN","#FB4F14","denver-broncos.png"
"5494","Baron Browning","DEN","#FB4F14","denver-broncos.png"
"5510","P.J. Locke","DEN","#FB4F14","denver-broncos.png"
"5575","Jonathan Kongbo","DEN","#FB4F14","denver-broncos.png"
"5632","Amani Oruwariye","DET","#0076B6","detroit-lions.png"
"5633","DeShon Elliott","DET","#0076B6","detroit-lions.png"
"5635","Aidan Hutchinson","DET","#0076B6","detroit-lions.png"
"5636","Isaiah Buggs","DET","#0076B6","detroit-lions.png"
"5637","Josh Paschal","DET","#0076B6","detroit-lions.png"
"5639","Julian Okwara","DET","#0076B6","detroit-lions.png"
"5644","John Cominsky","DET","#0076B6","detroit-lions.png"
"5645","Jeff Okudah","DET","#0076B6","detroit-lions.png"
"5647","Mike Hughes","DET","#0076B6","detroit-lions.png"
"5657","Malcolm Rodriguez","DET","#0076B6","detroit-lions.png"
"5667","Michael Brockers","DET","#0076B6","detroit-lions.png"
"5671","Alex Anzalone","DET","#0076B6","detroit-lions.png"
"5673","Alim McNeill","DET","#0076B6","detroit-lions.png"
"5680","Charles Harris","DET","#0076B6","detroit-lions.png"
"5694","Juju Hughes","DET","#0076B6","detroit-lions.png"
"5697","Kerby Joseph","DET","#0076B6","detroit-lions.png"
"5702","Benito Jones","DET","#0076B6","detroit-lions.png"
"5712","Derrick Barnes","DET","#0076B6","detroit-lions.png"
"5751","Tracy Walker","DET","#0076B6","detroit-lions.png"
"5779","Saivion Smith","DET","#0076B6","detroit-lions.png"
"5794","Chris Board","DET","#0076B6","detroit-lions.png"
"5816","Chase Lucas","DET","#0076B6","detroit-lions.png"
"5830","Will Harris","DET","#0076B6","detroit-lions.png"
"5847","Jerry Jacobs","DET","#0076B6","detroit-lions.png"
"5848","A.J. Parker","DET","#0076B6","detroit-lions.png"
"5863","Bobby Price","DET","#0076B6","detroit-lions.png"
"5956","Austin Bryant","DET","#0076B6","detroit-lions.png"
"5980","Demetrius Taylor","DET","#0076B6","detroit-lions.png"
"6061","C.J. Moore","DET","#0076B6","detroit-lions.png"
"6065","Ifeatu Melifonwu","DET","#0076B6","detroit-lions.png"
"6158","Jarran Reed","GB","#203731","green-bay-packers.png"
"6159","Darnell Savage","GB","#203731","green-bay-packers.png"
"6173","Tedarrell Slaton","GB","#203731","green-bay-packers.png"
"6185","Quay Walker","GB","#203731","green-bay-packers.png"
"6187","Rasul Douglas","GB","#203731","green-bay-packers.png"
"6199","Rudy Ford","GB","#203731","green-bay-packers.png"
"6225","Rashan Gary","GB","#203731","green-bay-packers.png"
"6253","De'Vondre Campbell","GB","#203731","green-bay-packers.png"
"6258","Jaire Alexander","GB","#203731","green-bay-packers.png"
"6282","Dean Lowry","GB","#203731","green-bay-packers.png"
"6319","Krys Barnes","GB","#203731","green-bay-packers.png"
"6331","Kenny Clark","GB","#203731","green-bay-packers.png"
"6345","Eric Wilson","GB","#203731","green-bay-packers.png"
"6354","Jonathan Garvin","GB","#203731","green-bay-packers.png"
"6373","Kingsley Enagbare","GB","#203731","green-bay-packers.png"
"6384","Keisean Nixon","GB","#203731","green-bay-packers.png"
"6399","Adrian Amos","GB","#203731","green-bay-packers.png"
"6453","Isaiah McDuffie","GB","#203731","green-bay-packers.png"
"6466","Devonte Wyatt","GB","#203731","green-bay-packers.png"
"6533","Preston Smith","GB","#203731","green-bay-packers.png"
"6574","Ladarius Hamilton","GB","#203731","green-bay-packers.png"
"6616","Eric Stokes","GB","#203731","green-bay-packers.png"
"6705","Ogbonnia Okoronkwo","HOU","#03202F","houston-texans.png"
"6707","Rasheem Green","HOU","#03202F","houston-texans.png"
"6708","Desmond King","HOU","#03202F","houston-texans.png"
"6710","Steven Nelson","HOU","#03202F","houston-texans.png"
"6711","Jalen Pitre","HOU","#03202F","houston-texans.png"
"6720","Derek Stingley","HOU","#03202F","houston-texans.png"
"6728","Jonathan Owens","HOU","#03202F","houston-texans.png"
"6731","Tavierre Thomas","HOU","#03202F","houston-texans.png"
"6734","Michael Dwumfour","HOU","#03202F","houston-texans.png"
"6747","Thomas Booker","HOU","#03202F","houston-texans.png"
"6764","Kevin Pierre-Louis","HOU","#03202F","houston-texans.png"
"6776","Jonathan Greenard","HOU","#03202F","houston-texans.png"
"6778","Roy Lopez","HOU","#03202F","houston-texans.png"
"6808","Jerry Hughes","HOU","#03202F","houston-texans.png"
"6822","Christian Harris","HOU","#03202F","houston-texans.png"
"6844","Christian Kirksey","HOU","#03202F","houston-texans.png"
"6862","Kamu Grugier-Hill","HOU","#03202F","houston-texans.png"
"6915","Mario Addison","HOU","#03202F","houston-texans.png"
"6918","Demone Harris","HOU","#03202F","houston-texans.png"
"6932","Blake Cashman","HOU","#03202F","houston-texans.png"
"6944","Garret Wallow","HOU","#03202F","houston-texans.png"
"6960","Eric Murray","HOU","#03202F","houston-texans.png"
"6969","Jalen Reeves-Maybin","HOU","#03202F","houston-texans.png"
"7029","M.J. Stewart","HOU","#03202F","houston-texans.png"
"7080","Jake Hansen","HOU","#03202F","houston-texans.png"
"7092","Maliek Collins","HOU","#03202F","houston-texans.png"
"7101","Neville Hewitt","HOU","#03202F","houston-texans.png"
"7122","Kurt Hinish","HOU","#03202F","houston-texans.png"
"7167","Jaleel Johnson","HOU","#03202F","houston-texans.png"
"7254","Stephon Gilmore","IND","#002C5F","indianapolis-colts.png"
"7257","Rodney McLeod","IND","#002C5F","indianapolis-colts.png"
"7258","Bobby Okereke","IND","#002C5F","indianapolis-colts.png"
"7261","Rodney Thomas","IND","#002C5F","indianapolis-colts.png"
"7262","Kenny Moore","IND","#002C5F","indianapolis-colts.png"
"7275","Zaire Franklin","IND","#002C5F","indianapolis-colts.png"
"7278","Brandon Facyson","IND","#002C5F","indianapolis-colts.png"
"7295","Grover Stewart","IND","#002C5F","indianapolis-colts.png"
"7305","E.J. Speed","IND","#002C5F","indianapolis-colts.png"
"7359","Isaiah Rodgers","IND","#002C5F","indianapolis-colts.png"
"7360","DeForest Buckner","IND","#002C5F","indianapolis-colts.png"
"7385","Tyquan Lewis","IND","#002C5F","indianapolis-colts.png"
"7412","Dayo Odeyingbo","IND","#002C5F","indianapolis-colts.png"
"7414","Kwity Paye","IND","#002C5F","indianapolis-colts.png"
"7417","Ben Banogu","IND","#002C5F","indianapolis-colts.png"
"7445","Shaquille Leonard","IND","#002C5F","indianapolis-colts.png"
"7529","Julian Blackmon","IND","#002C5F","indianapolis-colts.png"
"7541","Byron Cowart","IND","#002C5F","indianapolis-colts.png"
"7596","Yannick Ngakoue","IND","#002C5F","indianapolis-colts.png"
"7664","Nick Cross","IND","#002C5F","indianapolis-colts.png"
"7690","Ifeadi Odenigbo","IND","#002C5F","indianapolis-colts.png"
"7718","Eric Johnson","IND","#002C5F","indianapolis-colts.png"
"7808","Foyesade Oluokun","JAX","#101820","jacksonville-jaguars.png"
"7809","Devin Lloyd","JAX","#101820","jacksonville-jaguars.png"
"7810","Shaquill Griffin","JAX","#101820","jacksonville-jaguars.png"
"7813","Tyson Campbell","JAX","#101820","jacksonville-jaguars.png"
"7818","Darious Williams","JAX","#101820","jacksonville-jaguars.png"
"7823","Josh Allen","JAX","#101820","jacksonville-jaguars.png"
"7841","Davon Hamilton","JAX","#101820","jacksonville-jaguars.png"
"7862","Roy Robertson-Harris","JAX","#101820","jacksonville-jaguars.png"
"7896","Rayshawn Jenkins","JAX","#101820","jacksonville-jaguars.png"
"7909","Corey Peters","JAX","#101820","jacksonville-jaguars.png"
"7915","Andre Cisco","JAX","#101820","jacksonville-jaguars.png"
"7930","Travon Walker","JAX","#101820","jacksonville-jaguars.png"
"7980","Dawuane Smoot","JAX","#101820","jacksonville-jaguars.png"
"8010","Adam Gotsis","JAX","#101820","jacksonville-jaguars.png"
"8057","Andrew Wingard","JAX","#101820","jacksonville-jaguars.png"
"8060","Arden Key","JAX","#101820","jacksonville-jaguars.png"
"8068","Folorunso Fatukasi","JAX","#101820","jacksonville-jaguars.png"
"8086","De'Shaan Dixon","JAX","#101820","jacksonville-jaguars.png"
"8090","K'Lavon Chaisson","JAX","#101820","jacksonville-jaguars.png"
"8108","Tre Herndon","JAX","#101820","jacksonville-jaguars.png"
"8135","Montaric Brown","JAX","#101820","jacksonville-jaguars.png"
"8211","Chad Muma","JAX","#101820","jacksonville-jaguars.png"
"8415","Nick Bolton","KC","#E31837","kansas-city-chiefs.png"
"8416","L'Jarius Sneed","KC","#E31837","kansas-city-chiefs.png"
"8417","Darius Harris","KC","#E31837","kansas-city-chiefs.png"
"8418","Juan Thornhill","KC","#E31837","kansas-city-chiefs.png"
"8423","Bryan Cook","KC","#E31837","kansas-city-chiefs.png"
"8426","Justin Reid","KC","#E31837","kansas-city-chiefs.png"
"8428","Michael Danna","KC","#E31837","kansas-city-chiefs.png"
"8435","Tershawn Wharton","KC","#E31837","kansas-city-chiefs.png"
"8441","Willie Gay","KC","#E31837","kansas-city-chiefs.png"
"8455","Carlos Dunlap","KC","#E31837","kansas-city-chiefs.png"
"8461","Khalen Saunders","KC","#E31837","kansas-city-chiefs.png"
"8469","Leo Chenal","KC","#E31837","kansas-city-chiefs.png"
"8474","Taylor Stallworth","KC","#E31837","kansas-city-chiefs.png"
"8476","Deon Bush","KC","#E31837","kansas-city-chiefs.png"
"8498","George Karlaftis","KC","#E31837","kansas-city-chiefs.png"
"8507","Trent McDuffie","KC","#E31837","kansas-city-chiefs.png"
"8523","Rashad Fenton","KC","#E31837","kansas-city-chiefs.png"
"8552","Jaylen Watson","KC","#E31837","kansas-city-chiefs.png"
"8604","Derrick Nnadi","KC","#E31837","kansas-city-chiefs.png"
"8605","Joshua Williams","KC","#E31837","kansas-city-chiefs.png"
"8655","Chris Jones","KC","#E31837","kansas-city-chiefs.png"
"8690","Chris Lammons","KC","#E31837","kansas-city-chiefs.png"
"8715","Elijah Lee","KC","#E31837","kansas-city-chiefs.png"
"8721","Frank Clark","KC","#E31837","kansas-city-chiefs.png"
"8808","Dicaprio Bootle","KC","#E31837","kansas-city-chiefs.png"
"8856","Malik Herring","KC","#E31837","kansas-city-chiefs.png"
"8939","Justin Hollins","LA","#003594","los-angeles-rams.png"
"8941","Ernest Jones","LA","#003594","los-angeles-rams.png"
"8943","Jalen Ramsey","LA","#003594","los-angeles-rams.png"
"8944","Taylor Rapp","LA","#003594","los-angeles-rams.png"
"8946","Nick Scott","LA","#003594","los-angeles-rams.png"
"8950","Terrell Lewis","LA","#003594","los-angeles-rams.png"
"8953","Bobby Wagner","LA","#003594","los-angeles-rams.png"
"8965","Derion Kendrick","LA","#003594","los-angeles-rams.png"
"8970","Troy Hill","LA","#003594","los-angeles-rams.png"
"8978","Terrell Burgess","LA","#003594","los-angeles-rams.png"
"9001","Jordan Fuller","LA","#003594","los-angeles-rams.png"
"9025","Aaron Donald","LA","#003594","los-angeles-rams.png"
"9041","A'Shawn Robinson","LA","#003594","los-angeles-rams.png"
"9063","Greg Gaines","LA","#003594","los-angeles-rams.png"
"9069","Jonah Williams","LA","#003594","los-angeles-rams.png"
"9070","Leonard Floyd","LA","#003594","los-angeles-rams.png"
"9144","Cobie Durant","LA","#003594","los-angeles-rams.png"
"9177","David Long","LA","#003594","los-angeles-rams.png"
"9189","Robert Rochell","LA","#003594","los-angeles-rams.png"
"9239","Marquise Copeland","LA","#003594","los-angeles-rams.png"
"9294","Grant Haley","LA","#003594","los-angeles-rams.png"
"9383","Takkarist McKinley","LA","#003594","los-angeles-rams.png"
"9428","Keir Thomas","LA","#003594","los-angeles-rams.png"
"9449","Kenneth Murray","LAC","#0080C6","los-angeles-chargers.png"
"9450","Kyle Van Noy","LAC","#0080C6","los-angeles-chargers.png"
"9451","Chris Rumph","LAC","#0080C6","los-angeles-chargers.png"
"9452","Nasir Adderley","LAC","#0080C6","los-angeles-chargers.png"
"9454","Sebastian Joseph","LAC","#0080C6","los-angeles-chargers.png"
"9458","Derrek Tuszka","LAC","#0080C6","los-angeles-chargers.png"
"9464","Drue Tranquill","LAC","#0080C6","los-angeles-chargers.png"
"9465","Austin Johnson","LAC","#0080C6","los-angeles-chargers.png"
"9471","Derwin James","LAC","#0080C6","los-angeles-chargers.png"
"9472","Morgan Fox","LAC","#0080C6","los-angeles-chargers.png"
"9488","Asante Samuel","LAC","#0080C6","los-angeles-chargers.png"
"9495","Christian Covington","LAC","#0080C6","los-angeles-chargers.png"
"9510","Khalil Mack","LAC","#0080C6","los-angeles-chargers.png"
"9516","Troy Reeder","LAC","#0080C6","los-angeles-chargers.png"
"9537","Jerry Tillery","LAC","#0080C6","los-angeles-chargers.png"
"9569","Michael Davis","LAC","#0080C6","los-angeles-chargers.png"
"9603","Alohi Gilman","LAC","#0080C6","los-angeles-chargers.png"
"9620","Joey Bosa","LAC","#0080C6","los-angeles-chargers.png"
"9651","J.C. Jackson","LAC","#0080C6","los-angeles-chargers.png"
"9689","Bryce Callahan","LAC","#0080C6","los-angeles-chargers.png"
"9698","Otito Ogbonnia","LAC","#0080C6","los-angeles-chargers.png"
"9943","Neil Farrell","LV","#000000","las-vegas-raiders.png"
"9944","Rock Ya-Sin","LV","#000000","las-vegas-raiders.png"
"9946","Malcolm Koonce","LV","#000000","las-vegas-raiders.png"
"9947","Kendal Vickers","LV","#000000","las-vegas-raiders.png"
"9948","Chandler Jones","LV","#000000","las-vegas-raiders.png"
"9949","Johnathan Abram","LV","#000000","las-vegas-raiders.png"
"9950","Maxx Crosby","LV","#000000","las-vegas-raiders.png"
"9957","Divine Deablo","LV","#000000","las-vegas-raiders.png"
"9959","Matthias Farley","LV","#000000","las-vegas-raiders.png"
"9963","Bilal Nichols","LV","#000000","las-vegas-raiders.png"
"9965","Blake Martinez","LV","#000000","las-vegas-raiders.png"
"9966","Andrew Billings","LV","#000000","las-vegas-raiders.png"
"9971","Trevon Moehrig","LV","#000000","las-vegas-raiders.png"
"9978","Duron Harmon","LV","#000000","las-vegas-raiders.png"
"9991","Jayon Brown","LV","#000000","las-vegas-raiders.png"
"9994","Denzel Perryman","LV","#000000","las-vegas-raiders.png"
"10003","Johnathan Hankins","LV","#000000","las-vegas-raiders.png"
"10067","Roderic Teamer","LV","#000000","las-vegas-raiders.png"
"10102","Amik Robertson","LV","#000000","las-vegas-raiders.png"
"10149","Matthew Butler","LV","#000000","las-vegas-raiders.png"
"10172","Nate Hobbs","LV","#000000","las-vegas-raiders.png"
"10197","Anthony Averett","LV","#000000","las-vegas-raiders.png"
"10333","Luke Masterson","LV","#000000","las-vegas-raiders.png"
"10355","Clelin Ferrell","LV","#000000","las-vegas-raiders.png"
"10361","Sam Webb","LV","#000000","las-vegas-raiders.png"
"10511","Jaelan Phillips","MIA","#008E97","miami-dolphins.png"
"10512","Elandon Roberts","MIA","#008E97","miami-dolphins.png"
"10514","Brandon Jones","MIA","#008E97","miami-dolphins.png"
"10517","Christian Wilkins","MIA","#008E97","miami-dolphins.png"
"10523","Duke Riley","MIA","#008E97","miami-dolphins.png"
"10524","Emmanuel Ogbah","MIA","#008E97","miami-dolphins.png"
"10525","Raekwon Davis","MIA","#008E97","miami-dolphins.png"
"10530","Eric Rowe","MIA","#008E97","miami-dolphins.png"
"10531","Nik Needham","MIA","#008E97","miami-dolphins.png"
"10532","Kader Kohou","MIA","#008E97","miami-dolphins.png"
"10538","John Jenkins","MIA","#008E97","miami-dolphins.png"
"10547","Jevon Holland","MIA","#008E97","miami-dolphins.png"
"10553","Clayton Fejedelem","MIA","#008E97","miami-dolphins.png"
"10556","Xavien Howard","MIA","#008E97","miami-dolphins.png"
"10579","Justin Bethel","MIA","#008E97","miami-dolphins.png"
"10591","Andrew Van Ginkel","MIA","#008E97","miami-dolphins.png"
"10618","Jerome Baker","MIA","#008E97","miami-dolphins.png"
"10619","Melvin Ingram","MIA","#008E97","miami-dolphins.png"
"10629","Bradley Chubb","MIA","#008E97","miami-dolphins.png"
"10655","Trey Flowers","MIA","#008E97","miami-dolphins.png"
"10670","Zach Sieler","MIA","#008E97","miami-dolphins.png"
"10685","Keion Crossen","MIA","#008E97","miami-dolphins.png"
"10698","Elijah Campbell","MIA","#008E97","miami-dolphins.png"
"10734","Channing Tindall","MIA","#008E97","miami-dolphins.png"
"10886","Ben Stille","MIA","#008E97","miami-dolphins.png"
"10900","Noah Igbinoghene","MIA","#008E97","miami-dolphins.png"
"10906","Sam Eguavoen","MIA","#008E97","miami-dolphins.png"
"11006","Verone McKinley","MIA","#008E97","miami-dolphins.png"
"11121","Chandon Sullivan","MIN","#4F2683","minnesota-vikings.png"
"11122","Harrison Phillips","MIN","#4F2683","minnesota-vikings.png"
"11123","Patrick Peterson","MIN","#4F2683","minnesota-vikings.png"
"11124","Eric Kendricks","MIN","#4F2683","minnesota-vikings.png"
"11125","Camryn Bynum","MIN","#4F2683","minnesota-vikings.png"
"11127","Cameron Dantzler","MIN","#4F2683","minnesota-vikings.png"
"11128","Akayleb Evans","MIN","#4F2683","minnesota-vikings.png"
"11129","James Lynch","MIN","#4F2683","minnesota-vikings.png"
"11130","Jordan Hicks","MIN","#4F2683","minnesota-vikings.png"
"11131","Harrison Smith","MIN","#4F2683","minnesota-vikings.png"
"11140","Danielle Hunter","MIN","#4F2683","minnesota-vikings.png"
"11154","Josh Metellus","MIN","#4F2683","minnesota-vikings.png"
"11206","Jonathan Bullard","MIN","#4F2683","minnesota-vikings.png"
"11216","D.J. Wonnum","MIN","#4F2683","minnesota-vikings.png"
"11267","Ross Blacklock","MIN","#4F2683","minnesota-vikings.png"
"11318","Za'Darius Smith","MIN","#4F2683","minnesota-vikings.png"
"11337","Dalvin Tomlinson","MIN","#4F2683","minnesota-vikings.png"
"11399","Khyiris Tonga","MIN","#4F2683","minnesota-vikings.png"
"11430","Patrick Jones","MIN","#4F2683","minnesota-vikings.png"
"11568","Troy Dye","MIN","#4F2683","minnesota-vikings.png"
"11604","Brian Asamoah","MIN","#4F2683","minnesota-vikings.png"
"11626","Jahlani Tavai","NE","#002244","new-england-patriots.png"
"11627","Myles Bryant","NE","#002244","new-england-patriots.png"
"11628","Mack Wilson","NE","#002244","new-england-patriots.png"
"11629","Anfernee Jennings","NE","#002244","new-england-patriots.png"
"11631","Davon Godchaux","NE","#002244","new-england-patriots.png"
"11637","Adrian Phillips","NE","#002244","new-england-patriots.png"
"11638","Kyle Dugger","NE","#002244","new-england-patriots.png"
"11640","Ja'Whaun Bentley","NE","#002244","new-england-patriots.png"
"11646","Marcus Jones","NE","#002244","new-england-patriots.png"
"11647","Jalen Mills","NE","#002244","new-england-patriots.png"
"11649","Deatrich Wise","NE","#002244","new-england-patriots.png"
"11653","Lawrence Guy","NE","#002244","new-england-patriots.png"
"11655","Jabrill Peppers","NE","#002244","new-england-patriots.png"
"11664","Jonathan Jones","NE","#002244","new-england-patriots.png"
"11668","Raekwon McMillan","NE","#002244","new-england-patriots.png"
"11671","Christian Barmore","NE","#002244","new-england-patriots.png"
"11693","Jack Jones","NE","#002244","new-england-patriots.png"
"11696","Devin McCourty","NE","#002244","new-england-patriots.png"
"11711","Daniel Ekuale","NE","#002244","new-england-patriots.png"
"11913","Matt Judon","NE","#002244","new-england-patriots.png"
"11972","Shaun Wade","NE","#002244","new-england-patriots.png"
"12014","Carl Davis","NE","#002244","new-england-patriots.png"
"12026","Josh Uche","NE","#002244","new-england-patriots.png"
"12092","Sam Roberts","NE","#002244","new-england-patriots.png"
"12161","Shy Tuttle","NO","#D3BC8D","new-orleans-saints.png"
"12162","Tyrann Mathieu","NO","#D3BC8D","new-orleans-saints.png"
"12163","Justin Evans","NO","#D3BC8D","new-orleans-saints.png"
"12169","Paulson Adebo","NO","#D3BC8D","new-orleans-saints.png"
"12172","Carl Granderson","NO","#D3BC8D","new-orleans-saints.png"
"12175","Pete Werner","NO","#D3BC8D","new-orleans-saints.png"
"12182","Demario Davis","NO","#D3BC8D","new-orleans-saints.png"
"12188","Payton Turner","NO","#D3BC8D","new-orleans-saints.png"
"12205","Cameron Jordan","NO","#D3BC8D","new-orleans-saints.png"
"12208","Kentavius Street","NO","#D3BC8D","new-orleans-saints.png"
"12227","Zack Baun","NO","#D3BC8D","new-orleans-saints.png"
"12244","Tanoh Kpassagnon","NO","#D3BC8D","new-orleans-saints.png"
"12261","Alontae Taylor","NO","#D3BC8D","new-orleans-saints.png"
"12299","Bradley Roby","NO","#D3BC8D","new-orleans-saints.png"
"12301","Marcus Maye","NO","#D3BC8D","new-orleans-saints.png"
"12312","David Onyemata","NO","#D3BC8D","new-orleans-saints.png"
"12315","Chris Harris","NO","#D3BC8D","new-orleans-saints.png"
"12333","Marcus Davenport","NO","#D3BC8D","new-orleans-saints.png"
"12352","Kaden Elliss","NO","#D3BC8D","new-orleans-saints.png"
"12385","P.J. Williams","NO","#D3BC8D","new-orleans-saints.png"
"12481","Marshon Lattimore","NO","#D3BC8D","new-orleans-saints.png"
"12536","Malcolm Roach","NO","#D3BC8D","new-orleans-saints.png"
"12548","J.T. Gray","NO","#D3BC8D","new-orleans-saints.png"
"12594","Christian Ringo","NO","#D3BC8D","new-orleans-saints.png"
"12701","Nicholas Williams","NYG","#0B2265","new-york-giants.png"
"12703","Adoree' Jackson","NYG","#0B2265","new-york-giants.png"
"12709","Micah McFadden","NYG","#0B2265","new-york-giants.png"
"12710","Nick McCloud","NYG","#0B2265","new-york-giants.png"
"12711","Jaylon Smith","NYG","#0B2265","new-york-giants.png"
"12715","Xavier McKinney","NYG","#0B2265","new-york-giants.png"
"12716","Julian Love","NYG","#0B2265","new-york-giants.png"
"12719","Justin Ellis","NYG","#0B2265","new-york-giants.png"
"12726","Tae Crowder","NYG","#0B2265","new-york-giants.png"
"12730","Fabian Moreau","NYG","#0B2265","new-york-giants.png"
"12731","Leonard Williams","NYG","#0B2265","new-york-giants.png"
"12733","Landon Collins","NYG","#0B2265","new-york-giants.png"
"12737","Cordale Flott","NYG","#0B2265","new-york-giants.png"
"12750","Jihad Ward","NYG","#0B2265","new-york-giants.png"
"12768","Tomon Fox","NYG","#0B2265","new-york-giants.png"
"12771","Austin Calitro","NYG","#0B2265","new-york-giants.png"
"12803","Darnay Holmes","NYG","#0B2265","new-york-giants.png"
"12827","Dane Belton","NYG","#0B2265","new-york-giants.png"
"12842","Aaron Robinson","NYG","#0B2265","new-york-giants.png"
"12852","Oshane Ximines","NYG","#0B2265","new-york-giants.png"
"12878","D.J. Davidson","NYG","#0B2265","new-york-giants.png"
"12882","Dexter Lawrence","NYG","#0B2265","new-york-giants.png"
"12901","Kayvon Thibodeaux","NYG","#0B2265","new-york-giants.png"
"12965","Elerson Smith","NYG","#0B2265","new-york-giants.png"
"12969","Henry Mondeaux","NYG","#0B2265","new-york-giants.png"
"13030","Tony Jefferson","NYG","#0B2265","new-york-giants.png"
"13058","Justin Layne","NYG","#0B2265","new-york-giants.png"
"13112","Quincy Roche","NYG","#0B2265","new-york-giants.png"
"13160","Ryder Anderson","NYG","#0B2265","new-york-giants.png"
"13183","Azeez Ojulari","NYG","#0B2265","new-york-giants.png"
"13196","Micheal Clemons","NYJ","#125740","new-york-jets.png"
"13198","C.J. Mosley","NYJ","#125740","new-york-jets.png"
"13201","Sheldon Rankins","NYJ","#125740","new-york-jets.png"
"13202","Jordan Whitehead","NYJ","#125740","new-york-jets.png"
"13205","Quincy Williams","NYJ","#125740","new-york-jets.png"
"13206","Jermaine Johnson","NYJ","#125740","new-york-jets.png"
"13224","Ahmad Gardner","NYJ","#125740","new-york-jets.png"
"13245","Lamarcus Joyner","NYJ","#125740","new-york-jets.png"
"13268","Jamien Sherwood","NYJ","#125740","new-york-jets.png"
"13285","D.J. Reed","NYJ","#125740","new-york-jets.png"
"13304","Vinny Curry","NYJ","#125740","new-york-jets.png"
"13305","Quinnen Williams","NYJ","#125740","new-york-jets.png"
"13314","Kwon Alexander","NYJ","#125740","new-york-jets.png"
"13331","John Franklin-Myers","NYJ","#125740","new-york-jets.png"
"13353","Marcell Harris","NYJ","#125740","new-york-jets.png"
"13360","Brandin Echols","NYJ","#125740","new-york-jets.png"
"13378","Carl Lawson","NYJ","#125740","new-york-jets.png"
"13390","Michael Carter","NYJ","#125740","new-york-jets.png"
"13394","Solomon Thomas","NYJ","#125740","new-york-jets.png"
"13395","Jake Martin","NYJ","#125740","new-york-jets.png"
"13538","Tony Adams","NYJ","#125740","new-york-jets.png"
"13552","Will Parks","NYJ","#125740","new-york-jets.png"
"13596","Nathan Shepherd","NYJ","#125740","new-york-jets.png"
"13761","Bryce Huff","NYJ","#125740","new-york-jets.png"
"13782","Haason Reddick","PHI","#004C54","philadelphia-eagles.png"
"13784","Josh Sweat","PHI","#004C54","philadelphia-eagles.png"
"13785","James Bradberry","PHI","#004C54","philadelphia-eagles.png"
"13786","T.J. Edwards","PHI","#004C54","philadelphia-eagles.png"
"13789","Kyzir White","PHI","#004C54","philadelphia-eagles.png"
"13790","Avonte Maddox","PHI","#004C54","philadelphia-eagles.png"
"13809","Javon Hargrave","PHI","#004C54","philadelphia-eagles.png"
"13817","Chauncey Gardner-Johnson","PHI","#004C54","philadelphia-eagles.png"
"13820","Fletcher Cox","PHI","#004C54","philadelphia-eagles.png"
"13831","Marcus Epps","PHI","#004C54","philadelphia-eagles.png"
"13850","Milton Williams","PHI","#004C54","philadelphia-eagles.png"
"13897","Jordan Davis","PHI","#004C54","philadelphia-eagles.png"
"13910","Kyron Johnson","PHI","#004C54","philadelphia-eagles.png"
"13911","Darius Slay","PHI","#004C54","philadelphia-eagles.png"
"13968","Josiah Scott","PHI","#004C54","philadelphia-eagles.png"
"13993","Marlon Tuipulotu","PHI","#004C54","philadelphia-eagles.png"
"13998","Zech McPhearson","PHI","#004C54","philadelphia-eagles.png"
"14044","Patrick Johnson","PHI","#004C54","philadelphia-eagles.png"
"14047","K'Von Wallace","PHI","#004C54","philadelphia-eagles.png"
"14057","Brandon Graham","PHI","#004C54","philadelphia-eagles.png"
"14216","Marvin Wilson","PHI","#004C54","philadelphia-eagles.png"
"14278","Malik Reed","PIT","#FFB612","pittsburgh-steelers.png"
"14279","Robert Spillane","PIT","#FFB612","pittsburgh-steelers.png"
"14282","DeMarvin Leal","PIT","#FFB612","pittsburgh-steelers.png"
"14283","Cameron Heyward","PIT","#FFB612","pittsburgh-steelers.png"
"14290","Terrell Edmunds","PIT","#FFB612","pittsburgh-steelers.png"
"14293","Chris Wormley","PIT","#FFB612","pittsburgh-steelers.png"
"14309","Montravius Adams","PIT","#FFB612","pittsburgh-steelers.png"
"14312","Cameron Sutton","PIT","#FFB612","pittsburgh-steelers.png"
"14323","Myles Jack","PIT","#FFB612","pittsburgh-steelers.png"
"14327","Ahkello Witherspoon","PIT","#FFB612","pittsburgh-steelers.png"
"14340","Isaiahh Loudermilk","PIT","#FFB612","pittsburgh-steelers.png"
"14344","Ryan Anderson","PIT","#FFB612","pittsburgh-steelers.png"
"14358","Larry Ogunjobi","PIT","#FFB612","pittsburgh-steelers.png"
"14378","Minkah Fitzpatrick","PIT","#FFB612","pittsburgh-steelers.png"
"14393","Elijah Riley","PIT","#FFB612","pittsburgh-steelers.png"
"14395","Alex Highsmith","PIT","#FFB612","pittsburgh-steelers.png"
"14403","Devin Bush","PIT","#FFB612","pittsburgh-steelers.png"
"14408","Arthur Maulet","PIT","#FFB612","pittsburgh-steelers.png"
"14413","Jamir Jones","PIT","#FFB612","pittsburgh-steelers.png"
"14546","T.J. Watt","PIT","#FFB612","pittsburgh-steelers.png"
"14586","Tyson Alualu","PIT","#FFB612","pittsburgh-steelers.png"
"14596","Levi Wallace","PIT","#FFB612","pittsburgh-steelers.png"
"14605","Tre Norwood","PIT","#FFB612","pittsburgh-steelers.png"
"14655","Josh Jackson","PIT","#FFB612","pittsburgh-steelers.png"
"14673","James Pierre","PIT","#FFB612","pittsburgh-steelers.png"
"14802","Jordyn Brooks","SEA","#002244","seattle-seahawks.png"
"14803","Josh Jones","SEA","#002244","seattle-seahawks.png"
"14806","Cody Barton","SEA","#002244","seattle-seahawks.png"
"14810","Tariq Woolen","SEA","#002244","seattle-seahawks.png"
"14814","Uchenna Nwosu","SEA","#002244","seattle-seahawks.png"
"14815","Myles Adams","SEA","#002244","seattle-seahawks.png"
"14818","Christian Jones","SEA","#002244","seattle-seahawks.png"
"14823","Al Woods","SEA","#002244","seattle-seahawks.png"
"14827","Quandre Diggs","SEA","#002244","seattle-seahawks.png"
"14831","Coby Bryant","SEA","#002244","seattle-seahawks.png"
"14858","Justin Coleman","SEA","#002244","seattle-seahawks.png"
"14859","Bryan Mone","SEA","#002244","seattle-seahawks.png"
"14873","Poona Ford","SEA","#002244","seattle-seahawks.png"
"14876","Quinton Jefferson","SEA","#002244","seattle-seahawks.png"
"14898","Darrell Taylor","SEA","#002244","seattle-seahawks.png"
"14902","Michael Jackson","SEA","#002244","seattle-seahawks.png"
"14918","Shelby Harris","SEA","#002244","seattle-seahawks.png"
"14922","Ryan Neal","SEA","#002244","seattle-seahawks.png"
"14926","Boye Mafe","SEA","#002244","seattle-seahawks.png"
"14958","Joshua Onujiogu","SEA","#002244","seattle-seahawks.png"
"14967","Darryl Johnson","SEA","#002244","seattle-seahawks.png"
"15004","Bruce Irvin","SEA","#002244","seattle-seahawks.png"
"15142","Jamal Adams","SEA","#002244","seattle-seahawks.png"
"15236","Nick Bellore","SEA","#002244","seattle-seahawks.png"
"15240","Sidney Jones","SEA","#002244","seattle-seahawks.png"
"15380","Hassan Ridgeway","SF","#AA0000","san-francisco-49ers.png"
"15381","Talanoa Hufanga","SF","#AA0000","san-francisco-49ers.png"
"15388","Azeez Al-Shaair","SF","#AA0000","san-francisco-49ers.png"
"15390","Jimmie Ward","SF","#AA0000","san-francisco-49ers.png"
"15391","Samson Ebukam","SF","#AA0000","san-francisco-49ers.png"
"15393","Tashaun Gipson","SF","#AA0000","san-francisco-49ers.png"
"15397","Charvarius Ward","SF","#AA0000","san-francisco-49ers.png"
"15416","Charles Omenihu","SF","#AA0000","san-francisco-49ers.png"
"15422","Dre Greenlaw","SF","#AA0000","san-francisco-49ers.png"
"15428","Fred Warner","SF","#AA0000","san-francisco-49ers.png"
"15439","Oren Burks","SF","#AA0000","san-francisco-49ers.png"
"15454","Emmanuel Moseley","SF","#AA0000","san-francisco-49ers.png"
"15456","Drake Jackson","SF","#AA0000","san-francisco-49ers.png"
"15501","Arik Armstead","SF","#AA0000","san-francisco-49ers.png"
"15514","Kerry Hyder","SF","#AA0000","san-francisco-49ers.png"
"15538","Dontae Johnson","SF","#AA0000","san-francisco-49ers.png"
"15567","Tarvarius Moore","SF","#AA0000","san-francisco-49ers.png"
"15568","Deommodore Lenoir","SF","#AA0000","san-francisco-49ers.png"
"15569","Akeem Spence","SF","#AA0000","san-francisco-49ers.png"
"15629","Javon Kinlaw","SF","#AA0000","san-francisco-49ers.png"
"15639","Nick Bosa","SF","#AA0000","san-francisco-49ers.png"
"15648","Samuel Womack","SF","#AA0000","san-francisco-49ers.png"
"15689","Kevin Givens","SF","#AA0000","san-francisco-49ers.png"
"15727","Kemoko Turay","SF","#AA0000","san-francisco-49ers.png"
"15728","Demetrius Flannigan-Fowles","SF","#AA0000","san-francisco-49ers.png"
"15794","Ambry Thomas","SF","#AA0000","san-francisco-49ers.png"
"15808","Rakeem Nunez-Roches","TB","#D50A0A","tampa-bay-buccaneers.png"
"15810","Devin White","TB","#D50A0A","tampa-bay-buccaneers.png"
"15811","Mike Edwards","TB","#D50A0A","tampa-bay-buccaneers.png"
"15812","Carlton Davis","TB","#D50A0A","tampa-bay-buccaneers.png"
"15815","Genard Avery","TB","#D50A0A","tampa-bay-buccaneers.png"
"15818","Antoine Winfield","TB","#D50A0A","tampa-bay-buccaneers.png"
"15826","Shaquil Barrett","TB","#D50A0A","tampa-bay-buccaneers.png"
"15835","Keanu Neal","TB","#D50A0A","tampa-bay-buccaneers.png"
"15848","Logan Hall","TB","#D50A0A","tampa-bay-buccaneers.png"
"15859","Carl Nassib","TB","#D50A0A","tampa-bay-buccaneers.png"
"15866","Sean Murphy-Bunting","TB","#D50A0A","tampa-bay-buccaneers.png"
"15873","Zyon McCollum","TB","#D50A0A","tampa-bay-buccaneers.png"
"15882","Lavonte David","TB","#D50A0A","tampa-bay-buccaneers.png"
"15885","Pat O'Connor","TB","#D50A0A","tampa-bay-buccaneers.png"
"15898","Deadrin Senat","TB","#D50A0A","tampa-bay-buccaneers.png"
"15902","Jamel Dean","TB","#D50A0A","tampa-bay-buccaneers.png"
"15943","Anthony Nelson","TB","#D50A0A","tampa-bay-buccaneers.png"
"15973","Akiem Hicks","TB","#D50A0A","tampa-bay-buccaneers.png"
"15981","Joe Tryon","TB","#D50A0A","tampa-bay-buccaneers.png"
"15999","William Gholston","TB","#D50A0A","tampa-bay-buccaneers.png"
"16108","Dee Delaney","TB","#D50A0A","tampa-bay-buccaneers.png"
"16130","Logan Ryan","TB","#D50A0A","tampa-bay-buccaneers.png"
"16144","Vita Vea","TB","#D50A0A","tampa-bay-buccaneers.png"
"16370","DeMarcus Walker","TEN","#0C2340","tennessee-titans.png"
"16371","Kevin Byard","TEN","#0C2340","tennessee-titans.png"
"16373","Kristian Fulton","TEN","#0C2340","tennessee-titans.png"
"16375","Jeffery Simmons","TEN","#0C2340","tennessee-titans.png"
"16378","Roger McCreary","TEN","#0C2340","tennessee-titans.png"
"16385","Teair Tart","TEN","#0C2340","tennessee-titans.png"
"16386","Chris Jackson","TEN","#0C2340","tennessee-titans.png"
"16390","Derrek Tuszka","TEN","#0C2340","tennessee-titans.png"
"16394","David Long","TEN","#0C2340","tennessee-titans.png"
"16400","Joshua Kalu","TEN","#0C2340","tennessee-titans.png"
"16411","Amani Hooker","TEN","#0C2340","tennessee-titans.png"
"16414","Terrance Mitchell","TEN","#0C2340","tennessee-titans.png"
"16419","Olasunkanmi Adeniyi","TEN","#0C2340","tennessee-titans.png"
"16422","Zach Cunningham","TEN","#0C2340","tennessee-titans.png"
"16423","Rashad Weaver","TEN","#0C2340","tennessee-titans.png"
"16447","Lonnie Johnson","TEN","#0C2340","tennessee-titans.png"
"16480","Naquan Jones","TEN","#0C2340","tennessee-titans.png"
"16486","Mario Edwards","TEN","#0C2340","tennessee-titans.png"
"16488","Wyatt Ray","TEN","#0C2340","tennessee-titans.png"
"16508","Kevin Strong","TEN","#0C2340","tennessee-titans.png"
"16533","Dylan Cole","TEN","#0C2340","tennessee-titans.png"
"16540","Andrew Adams","TEN","#0C2340","tennessee-titans.png"
"16582","Bud Dupree","TEN","#0C2340","tennessee-titans.png"
"16603","Ugochukwu Amadi","TEN","#0C2340","tennessee-titans.png"
"16613","Denico Autry","TEN","#0C2340","tennessee-titans.png"
"16628","Caleb Farley","TEN","#0C2340","tennessee-titans.png"
"16781","Joe Schobert","TEN","#0C2340","tennessee-titans.png"
"16819","Tre Avery","TEN","#0C2340","tennessee-titans.png"
"16890","Sam Okuayinonu","TEN","#0C2340","tennessee-titans.png"
"16896","Benjamin St-Juste","WAS","#5A1414","washington-commanders.png"
"16897","Kamren Curl","WAS","#5A1414","washington-commanders.png"
"16902","Jamin Davis","WAS","#5A1414","washington-commanders.png"
"16905","Kendall Fuller","WAS","#5A1414","washington-commanders.png"
"16907","James Smith-Williams","WAS","#5A1414","washington-commanders.png"
"16917","Cole Holcomb","WAS","#5A1414","washington-commanders.png"
"16928","Montez Sweat","WAS","#5A1414","washington-commanders.png"
"16930","Efe Obada","WAS","#5A1414","washington-commanders.png"
"16933","John Ridgeway","WAS","#5A1414","washington-commanders.png"
"16947","Bobby McCain","WAS","#5A1414","washington-commanders.png"
"16952","Jonathan Allen","WAS","#5A1414","washington-commanders.png"
"16955","Darrick Forrest","WAS","#5A1414","washington-commanders.png"
"16970","Daron Payne","WAS","#5A1414","washington-commanders.png"
"16971","Casey Toohill","WAS","#5A1414","washington-commanders.png"
"16981","Jeremy Reaves","WAS","#5A1414","washington-commanders.png"
"17019","Danny Johnson","WAS","#5A1414","washington-commanders.png"
"17067","Rachad Wildgoose","WAS","#5A1414","washington-commanders.png"
"17079","David Mayo","WAS","#5A1414","washington-commanders.png"
"17097","William Bradley-King","WAS","#5A1414","washington-commanders.png"
"17160","William Jackson","WAS","#5A1414","washington-commanders.png"
"17170","Jon Bostic","WAS","#5A1414","washington-commanders.png"
"17178","Donovan Jeter","WAS","#5A1414","washington-commanders.png"
"17191","Milo Eifler","WAS","#5A1414","washington-commanders.png"
"17227","Christian Holmes","WAS","#5A1414","washington-commanders.png"
"17229","Shaka Toney","WAS","#5A1414","washington-commanders.png"
"17303","Percy Butler","WAS","#5A1414","washington-commanders.png"
"17365","Daniel Wise","WAS","#5A1414","washington-commanders.png"
